Package,Type,isTypePublic,isInterface,isAnnotation,isAbstract,Element,isPublic,isField,isStatic
org/json/simple/parser,Yytoken,true,false,false,false,TYPE_COMMAI,true,true,true
org/json/simple/parser,Yytoken,true,false,false,false,TYPE_VALUEI,true,true,true
org/json/simple/parser,Yytoken,true,false,false,false,TYPE_RIGHT_SQUAREI,true,true,true
org/json/simple/parser,Yytoken,true,false,false,false,typeI,true,true,false
org/json/simple/parser,Yytoken,true,false,false,false,TYPE_LEFT_BRACEI,true,true,true
org/json/simple/parser,Yytoken,true,false,false,false,TYPE_RIGHT_BRACEI,true,true,true
org/json/simple/parser,Yytoken,true,false,false,false,valueLjava/lang/Object;,true,true,false
org/json/simple/parser,Yytoken,true,false,false,false,TYPE_LEFT_SQUAREI,true,true,true
org/json/simple/parser,Yytoken,true,false,false,false,TYPE_COLONI,true,true,true
org/json/simple/parser,Yytoken,true,false,false,false,toString()Ljava/lang/String;,true,false,false
org/json/simple/parser,Yytoken,true,false,false,false,<init>(ILjava/lang/Object;)V,true,false,false
org/json/simple/parser,Yytoken,true,false,false,false,TYPE_EOFI,true,true,true
org/json/simple/parser,ContainerFactory,true,true,false,true,creatArrayContainer()Ljava/util/List;,true,false,false
org/json/simple/parser,ContainerFactory,true,true,false,true,createObjectContainer()Ljava/util/Map;,true,false,false
org/json/simple/parser,JSONParser,true,false,false,false,parse(Ljava/lang/String;Lorg/json/simple/parser/ContentHandler;Z)V,true,false,false
org/json/simple/parser,JSONParser,true,false,false,false,parse(Ljava/io/Reader;Lorg/json/simple/parser/ContainerFactory;)Ljava/lang/Object;,true,false,false
org/json/simple/parser,JSONParser,true,false,false,false,S_INITI,true,true,true
org/json/simple/parser,JSONParser,true,false,false,false,S_ENDI,true,true,true
org/json/simple/parser,JSONParser,true,false,false,false,reset(Ljava/io/Reader;)V,true,false,false
org/json/simple/parser,JSONParser,true,false,false,false,parse(Ljava/lang/String;Lorg/json/simple/parser/ContentHandler;)V,true,false,false
org/json/simple/parser,JSONParser,true,false,false,false,parse(Ljava/io/Reader;)Ljava/lang/Object;,true,false,false
org/json/simple/parser,JSONParser,true,false,false,false,parse(Ljava/io/Reader;Lorg/json/simple/parser/ContentHandler;Z)V,true,false,false
org/json/simple/parser,JSONParser,true,false,false,false,S_PASSED_PAIR_KEYI,true,true,true
org/json/simple/parser,JSONParser,true,false,false,false,parse(Ljava/lang/String;)Ljava/lang/Object;,true,false,false
org/json/simple/parser,JSONParser,true,false,false,false,S_IN_OBJECTI,true,true,true
org/json/simple/parser,JSONParser,true,false,false,false,getPosition()I,true,false,false
org/json/simple/parser,JSONParser,true,false,false,false,S_IN_FINISHED_VALUEI,true,true,true
org/json/simple/parser,JSONParser,true,false,false,false,S_IN_ERRORI,true,true,true
org/json/simple/parser,JSONParser,true,false,false,false,S_IN_ARRAYI,true,true,true
org/json/simple/parser,JSONParser,true,false,false,false,S_IN_PAIR_VALUEI,true,true,true
org/json/simple/parser,JSONParser,true,false,false,false,parse(Ljava/lang/String;Lorg/json/simple/parser/ContainerFactory;)Ljava/lang/Object;,true,false,false
org/json/simple/parser,JSONParser,true,false,false,false,parse(Ljava/io/Reader;Lorg/json/simple/parser/ContentHandler;)V,true,false,false
org/json/simple/parser,JSONParser,true,false,false,false,reset()V,true,false,false
org/json/simple/parser,JSONParser,true,false,false,false,<init>()V,true,false,false
org/json/simple/parser,ParseException,true,false,false,false,<init>(IILjava/lang/Object;)V,true,false,false
org/json/simple/parser,ParseException,true,false,false,false,<init>(I)V,true,false,false
org/json/simple/parser,ParseException,true,false,false,false,ERROR_UNEXPECTED_TOKENI,true,true,true
org/json/simple/parser,ParseException,true,false,false,false,<init>(ILjava/lang/Object;)V,true,false,false
org/json/simple/parser,ParseException,true,false,false,false,setUnexpectedObject(Ljava/lang/Object;)V,true,false,false
org/json/simple/parser,ParseException,true,false,false,false,setErrorType(I)V,true,false,false
org/json/simple/parser,ParseException,true,false,false,false,getPosition()I,true,false,false
org/json/simple/parser,ParseException,true,false,false,false,ERROR_UNEXPECTED_CHARI,true,true,true
org/json/simple/parser,ParseException,true,false,false,false,ERROR_UNEXPECTED_EXCEPTIONI,true,true,true
org/json/simple/parser,ParseException,true,false,false,false,getUnexpectedObject()Ljava/lang/Object;,true,false,false
org/json/simple/parser,ParseException,true,false,false,false,setPosition(I)V,true,false,false
org/json/simple/parser,ParseException,true,false,false,false,toString()Ljava/lang/String;,true,false,false
org/json/simple/parser,ParseException,true,false,false,false,getErrorType()I,true,false,false
org/json/simple/parser,ContentHandler,true,true,false,true,endObjectEntry()Z,true,false,false
org/json/simple/parser,ContentHandler,true,true,false,true,endJSON()V,true,false,false
org/json/simple/parser,ContentHandler,true,true,false,true,startArray()Z,true,false,false
org/json/simple/parser,ContentHandler,true,true,false,true,primitive(Ljava/lang/Object;)Z,true,false,false
org/json/simple/parser,ContentHandler,true,true,false,true,endArray()Z,true,false,false
org/json/simple/parser,ContentHandler,true,true,false,true,startJSON()V,true,false,false
org/json/simple/parser,ContentHandler,true,true,false,true,endObject()Z,true,false,false
org/json/simple/parser,ContentHandler,true,true,false,true,startObjectEntry(Ljava/lang/String;)Z,true,false,false
org/json/simple/parser,ContentHandler,true,true,false,true,startObject()Z,true,false,false
org/json/simple,JSONValue,true,false,false,false,parseWithException(Ljava/lang/String;)Ljava/lang/Object;,true,false,true
org/json/simple,JSONValue,true,false,false,false,escape(Ljava/lang/String;)Ljava/lang/String;,true,false,true
org/json/simple,JSONValue,true,false,false,false,writeJSONString(Ljava/lang/Object;Ljava/io/Writer;)V,true,false,true
org/json/simple,JSONValue,true,false,false,false,parse(Ljava/io/Reader;)Ljava/lang/Object;,true,false,true
org/json/simple,JSONValue,true,false,false,false,parse(Ljava/lang/String;)Ljava/lang/Object;,true,false,true
org/json/simple,JSONValue,true,false,false,false,parseWithException(Ljava/io/Reader;)Ljava/lang/Object;,true,false,true
org/json/simple,JSONValue,true,false,false,false,<init>()V,true,false,false
org/json/simple,JSONValue,true,false,false,false,toJSONString(Ljava/lang/Object;)Ljava/lang/String;,true,false,true
org/json/simple,JSONObject,true,false,false,false,<init>(Ljava/util/Map;)V,true,false,false
org/json/simple,JSONObject,true,false,false,false,writeJSONString(Ljava/util/Map;Ljava/io/Writer;)V,true,false,true
org/json/simple,JSONObject,true,false,false,false,writeJSONString(Ljava/io/Writer;)V,true,false,false
org/json/simple,JSONObject,true,false,false,false,escape(Ljava/lang/String;)Ljava/lang/String;,true,false,true
org/json/simple,JSONObject,true,false,false,false,toString()Ljava/lang/String;,true,false,false
org/json/simple,JSONObject,true,false,false,false,<init>()V,true,false,false
org/json/simple,JSONObject,true,false,false,false,toJSONString()Ljava/lang/String;,true,false,false
org/json/simple,JSONObject,true,false,false,false,toString(Ljava/lang/String;Ljava/lang/Object;)Ljava/lang/String;,true,false,true
org/json/simple,JSONObject,true,false,false,false,toJSONString(Ljava/util/Map;)Ljava/lang/String;,true,false,true
org/json/simple,ItemList,true,false,false,false,add(ILjava/lang/String;)V,true,false,false
org/json/simple,ItemList,true,false,false,false,get(I)Ljava/lang/String;,true,false,false
org/json/simple,ItemList,true,false,false,false,split(Ljava/lang/String;Ljava/lang/String;Ljava/util/List;Z)V,true,false,false
org/json/simple,ItemList,true,false,false,false,addAll(Ljava/lang/String;Ljava/lang/String;Z)V,true,false,false
org/json/simple,ItemList,true,false,false,false,<init>(Ljava/lang/String;Ljava/lang/String;)V,true,false,false
org/json/simple,ItemList,true,false,false,false,split(Ljava/lang/String;Ljava/lang/String;Ljava/util/List;)V,true,false,false
org/json/simple,ItemList,true,false,false,false,toString(Ljava/lang/String;)Ljava/lang/String;,true,false,false
org/json/simple,ItemList,true,false,false,false,clear()V,true,false,false
org/json/simple,ItemList,true,false,false,false,<init>(Ljava/lang/String;)V,true,false,false
org/json/simple,ItemList,true,false,false,false,addAll(Ljava/lang/String;)V,true,false,false
org/json/simple,ItemList,true,false,false,false,setSP(Ljava/lang/String;)V,true,false,false
org/json/simple,ItemList,true,false,false,false,addAll(Ljava/lang/String;Ljava/lang/String;)V,true,false,false
org/json/simple,ItemList,true,false,false,false,getArray()[Ljava/lang/String;,true,false,false
org/json/simple,ItemList,true,false,false,false,size()I,true,false,false
org/json/simple,ItemList,true,false,false,false,toString()Ljava/lang/String;,true,false,false
org/json/simple,ItemList,true,false,false,false,add(Ljava/lang/String;)V,true,false,false
org/json/simple,ItemList,true,false,false,false,addAll(Lorg/json/simple/ItemList;)V,true,false,false
org/json/simple,ItemList,true,false,false,false,reset()V,true,false,false
org/json/simple,ItemList,true,false,false,false,<init>()V,true,false,false
org/json/simple,ItemList,true,false,false,false,<init>(Ljava/lang/String;Ljava/lang/String;Z)V,true,false,false
org/json/simple,ItemList,true,false,false,false,getItems()Ljava/util/List;,true,false,false
org/json/simple,JSONArray,true,false,false,false,toJSONString(Ljava/util/List;)Ljava/lang/String;,true,false,true
org/json/simple,JSONArray,true,false,false,false,writeJSONString(Ljava/io/Writer;)V,true,false,false
org/json/simple,JSONArray,true,false,false,false,writeJSONString(Ljava/util/List;Ljava/io/Writer;)V,true,false,true
org/json/simple,JSONArray,true,false,false,false,toString()Ljava/lang/String;,true,false,false
org/json/simple,JSONArray,true,false,false,false,<init>()V,true,false,false
org/json/simple,JSONArray,true,false,false,false,toJSONString()Ljava/lang/String;,true,false,false
org/json/simple,JSONStreamAware,true,true,false,true,writeJSONString(Ljava/io/Writer;)V,true,false,false
org/json/simple,JSONAware,true,true,false,true,toJSONString()Ljava/lang/String;,true,false,false
